,Metric,Value
0,Accuracy,0.8493050475493782
1,Precision,0.8884663457439673
2,Recall,0.8493050475493782
3,F1 Score,0.8615481051286284
