,Metric,Value
0,Accuracy,0.8343087051938551
1,Precision,0.8575634869525323
2,Recall,0.8343087051938551
3,F1 Score,0.84336868473592
