,Metric,Value
0,Accuracy,0.9535479151426481
1,Precision,0.9563520835903818
2,Recall,0.9535479151426481
3,F1 Score,0.9545011875519309
