,Metric,Value
0,Accuracy,0.9473299195318216
1,Precision,0.9504524781964001
2,Recall,0.9473299195318216
3,F1 Score,0.9484322235006071
